{
	"name":"Meatloaf in a Mug",
	"duration":15,
	"ingredients":[
		"2 tsp. milk",
		"1 tbsp. ketchup",
		"2 tbsp. quick-cook oats",
		"1 tsp. onion soup mix",
		"1/4 lb. lean ground beef"
	],
	"directions":[
		"1. In a small bowl, combine the milk, ketchup, oats and soup mix. Crumble beef over mixture and mix well. Pat into a microwave-safe mug coated with cooking spray.",
		"2. Cover and microwave on high for 3 minutes or until meat is no longer pink and thermometer reads 160°C. Drain.",
		"3. Let stand for 3 minutes. "
	],
	"notes":"Serve with additional ketchup if desired."
}